Rep1_ChIP;Rep2_ChIP;Rep1_input;Rep2_input;Rep1_ChIP/input;Rep2_ChIP/input
0.6695018880113204;0.682428789302605;0.6494960370480872;0.650296160130719;1.0308021139808001;1.049412300336245